{
   "i_2_s_2_v_2": {
      "metric": [
         0.8198168156151349,
         0.8312772950339922,
         0.7210407021604939,
         0.7940199987061466,
         0.7756485322374881,
         0.5587490163773514,
         38327.41498719244,
         38434.30660074374
      ],
      "pi": [
         0.5641331334321859,
         0.43586686656781476
      ],
      "Q_k": [
         [
            0.9645864238433097,
            0.03541357615668851
         ],
         [
            0.006898977300859485,
            0.9931010226991429
         ]
      ],
      "F_k": [
         [
            0.9438271074334683,
            0.05617289256652978
         ],
         [
            0.06127984972034437,
            0.938720150279654
         ]
      ],
      "H_uk": [
         [
            [
               0.9892928873097824,
               0.010707112690215115
            ],
            [
               0.8296986774374615,
               0.17030132256256383
            ]
         ],
         [
            [
               0.043464588330471954,
               0.9565354116695047
            ],
            [
               0.00674581676006245,
               0.993254183239919
            ]
         ]
      ],
      "N_u": [
         [
            0.9867588123442408,
            0.01324118765575858
         ],
         [
            0.17397701680289504,
            0.8260229831971037
         ]
      ],
      "M_ou": [
         [
            [
               0.9989645060328887,
               0.0010354939671157741
            ],
            [
               0.8111023002154467,
               0.18889769978454318
            ]
         ],
         [
            [
               0.25478522435787193,
               0.7452147756420984
            ],
            [
               0.0031722027484668495,
               0.9968277972515007
            ]
         ]
      ],
      "C_k": [
         [
            0.8575297827578584,
            0.1424702172421427
         ],
         [
            0.08219410178968878,
            0.917805898210311
         ]
      ],
      "D_o": [
         [
            0.5498948963427632,
            0.45010510365724454
         ],
         [
            0.034505560611783115,
            0.965494439388219
         ]
      ],
      "E_u": [
         [
            0.8267284150149317,
            0.1732715849850549
         ],
         [
            0.10696806864982233,
            0.8930319313501701
         ]
      ],
      "true_pi": [
         0.5,
         0.5
      ],
      "true_Q_k": [
         [
            0.95,
            0.05
         ],
         [
            0.05,
            0.95
         ]
      ],
      "true_F_k": [
         [
            0.95,
            0.05
         ],
         [
            0.05,
            0.95
         ]
      ],
      "true_H_uk": [
         [
            [
               0.95,
               0.05
            ],
            [
               0.85,
               0.15
            ]
         ],
         [
            [
               0.25,
               0.75
            ],
            [
               0.05,
               0.95
            ]
         ]
      ],
      "true_N_u": [
         [
            0.85,
            0.15
         ],
         [
            0.15,
            0.85
         ]
      ],
      "true_M_ou": [
         [
            [
               0.95,
               0.05
            ],
            [
               0.85,
               0.15
            ]
         ],
         [
            [
               0.25,
               0.75
            ],
            [
               0.05,
               0.95
            ]
         ]
      ],
      "true_C_k": [
         [
            0.9,
            0.1
         ],
         [
            0.1,
            0.9
         ]
      ],
      "true_D_o": [
         [
            0.95,
            0.05
         ],
         [
            0.35,
            0.65
         ]
      ],
      "true_E_u": [
         [
            0.9,
            0.1
         ],
         [
            0.1,
            0.9
         ]
      ]
   }
}